name,math,science,english,Total,Average,Grade,Result
Alice,88,92,85,265,88.33333333333333,A,Pass
Bob,72,78,70,220,73.33333333333333,B,Pass
Charlie,90,95,93,278,92.66666666666667,A+,Pass
David,65,60,58,183,61.0,C,Pass
Eva,100,98,97,295,98.33333333333333,A+,Pass
